k,m,run_id,run_index,is_best_run,base_seed,run_seed,T,sampler,sampler_params_json,d_max,points_json,subset,witness_json,delta,history_json
2,3,1,1,1,42,42,5,sphere-gaussian,"{""radial_std"": 0.15}",5,"[[0.3128323241608392, -1.0676810282762499], [0.3494348082911523, -0.7248407209366099], [0.37383874269001655, -0.9247759720536451], [-0.777502597769596, 0.8015228616350416], [-0.8341458621069806, -0.6857615332233628]]",__POINTS__,,,"[{""attempts"": [{""attempt"": 1, ""is_shattered"": true, ""num_failed_subsets"": 0, ""point"": [0.3128323241608392, -1.0676810282762499]}], ""d"": 1, ""success"": true}, {""attempts"": [{""attempt"": 1, ""is_shattered"": true, ""num_failed_subsets"": 0, ""point"": [0.3494348082911523, -0.7248407209366099]}], ""d"": 2, ""success"": true}, {""attempts"": [{""attempt"": 1, ""is_shattered"": true, ""num_failed_subsets"": 0, ""point"": [0.37383874269001655, -0.9247759720536451]}], ""d"": 3, ""success"": true}, {""attempts"": [{""attempt"": 1, ""is_shattered"": true, ""num_failed_subsets"": 0, ""point"": [-0.777502597769596, 0.8015228616350416]}], ""d"": 4, ""success"": true}, {""attempts"": [{""attempt"": 1, ""is_shattered"": false, ""num_failed_subsets"": 1, ""point"": [0.06257779942379653, 1.068295152970133]}, {""attempt"": 2, ""is_shattered"": false, ""num_failed_subsets"": 1, ""point"": [-0.7867821299497731, 0.33763420471255795]}, {""attempt"": 3, ""is_shattered"": false, ""num_failed_subsets"": 1, ""point"": [0.9707041677507445, -0.05516907422194216]}, {""attempt"": 4, ""is_shattered"": false, ""num_failed_subsets"": 1, ""point"": [-0.47531380673638346, 0.8533787120169845]}, {""attempt"": 5, ""is_shattered"": true, ""num_failed_subsets"": 0, ""point"": [-0.8341458621069806, -0.6857615332233628]}], ""d"": 5, ""success"": true}, {""attempts"": [{""attempt"": 1, ""is_shattered"": false, ""num_failed_subsets"": 1, ""point"": [0.7057537628893602, 0.7970784645466907]}, {""attempt"": 2, ""is_shattered"": false, ""num_failed_subsets"": 1, ""point"": [0.9069771386124994, -0.17211474404092042]}, {""attempt"": 3, ""is_shattered"": false, ""num_failed_subsets"": 1, ""point"": [-0.932360361329346, 0.7057434798048343]}, {""attempt"": 4, ""is_shattered"": false, ""num_failed_subsets"": 1, ""point"": [-0.11777497668012506, -0.8683775094097886]}, {""attempt"": 5, ""is_shattered"": false, ""num_failed_subsets"": 1, ""point"": [0.7123071980637858, 0.8137583232505742]}, {""attempt"": 6, ""is_shattered"": false, ""num_failed_subsets"": 1, ""point"": [-0.9607233545591471, 0.3351458328147184]}], ""d"": 6, ""success"": false}]"
2,3,1,1,1,42,42,5,sphere-gaussian,"{""radial_std"": 0.15}",5,,1,"[0.3128323146439856, 0.31283231357553404, -1.0676810282762499]",2.0261918909804265e-16,
2,3,1,1,1,42,42,5,sphere-gaussian,"{""radial_std"": 0.15}",5,,2,"[0.349397798720345, 0.34897781110525233, -0.7250339083880174]",2.4753752763316754e-07,
2,3,1,1,1,42,42,5,sphere-gaussian,"{""radial_std"": 0.15}",5,,3,"[0.3738387427804352, 0.3738387427759729, -0.92477597223044]",4.682043265989842e-20,
2,3,1,1,1,42,42,5,sphere-gaussian,"{""radial_std"": 0.15}",5,,4,"[-0.7775025977698456, -0.7775025977697907, 0.8015228616392798]",1.806231140229228e-23,
2,3,1,1,1,42,42,5,sphere-gaussian,"{""radial_std"": 0.15}",5,,5,"[-0.8341458625179408, -0.6857615331509523, -0.6857615333926904]",2.0280337390837817e-19,
2,3,1,1,1,42,42,5,sphere-gaussian,"{""radial_std"": 0.15}",5,,"1,2","[0.1909271241476099, 0.1905265104194109, -0.8662805269639048]",0.07038175179408232,
2,3,1,1,1,42,42,5,sphere-gaussian,"{""radial_std"": 0.15}",5,,"1,3","[0.34287711011413485, 0.34303688632829277, -0.9959053054830133]",0.006966759121198465,
2,3,1,1,1,42,42,5,sphere-gaussian,"{""radial_std"": 0.15}",5,,"1,4","[-0.13028209286911185, -1.8630701713782893, 0.07245148170683599]",2.1288964158647214,
2,3,1,1,1,42,42,5,sphere-gaussian,"{""radial_std"": 0.15}",5,,"1,5","[-0.260560144842712, -0.9500053916737092, -0.8769863540459267]",0.3789909377396109,
2,3,1,1,1,42,42,5,sphere-gaussian,"{""radial_std"": 0.15}",5,,"2,3","[0.36107569294562847, 0.3611707701336313, -0.8249337120104132]",0.010291849858007412,
2,3,1,1,1,42,42,5,sphere-gaussian,"{""radial_std"": 0.15}",5,,"2,4","[-0.21381018293374726, -0.7516930223513005, 0.0384882523511552]",0.9006370876917564,
2,3,1,1,1,42,42,5,sphere-gaussian,"{""radial_std"": 0.15}",5,,"2,5","[-0.24235837968610863, -0.705323074012365, -0.7053655814605686]",0.3509793969353604,
2,3,1,1,1,42,42,5,sphere-gaussian,"{""radial_std"": 0.15}",5,,"3,4","[-0.12455679629003273, -1.778212805046417, 0.06900163866318086]",1.9643464807459896,
2,3,1,1,1,42,42,5,sphere-gaussian,"{""radial_std"": 0.15}",5,,"3,5","[-0.23525944598120727, -0.8990939078654261, -0.8236295341851618]",0.3818907737570167,
2,3,1,1,1,42,42,5,sphere-gaussian,"{""radial_std"": 0.15}",5,,"4,5","[-0.8058242431756723, -0.8058242434204526, 0.057880665223948635]",0.5546079494859943,
2,3,1,1,1,42,42,5,sphere-gaussian,"{""radial_std"": 0.15}",5,,"1,2,3","[0.33065640075299724, 0.3312195598714114, -0.8962191121289591]",0.03005497683233983,
2,3,1,1,1,42,42,5,sphere-gaussian,"{""radial_std"": 0.15}",5,,"1,2,4","[-0.9614605803995605, 0.7236289063319205, -0.6019065452015949]",2.009522107619884,
2,3,1,1,1,42,42,5,sphere-gaussian,"{""radial_std"": 0.15}",5,,"1,2,5","[-0.2782140393201153, -0.8627700539344162, -0.864696228974272]",0.43252713993744457,
2,3,1,1,1,42,42,5,sphere-gaussian,"{""radial_std"": 0.15}",5,,"1,3,4","[-0.12115119409761733, -1.8146398027221573, 0.07025925934868167]",2.0411972030416323,
2,3,1,1,1,42,42,5,sphere-gaussian,"{""radial_std"": 0.15}",5,,"1,3,5","[-0.23826937108434226, -0.9091341778587341, -0.8350346711556813]",0.38297450976089825,
2,3,1,1,1,42,42,5,sphere-gaussian,"{""radial_std"": 0.15}",5,,"1,4,5","[-0.5744061729638062, -1.4443787171155524, -0.2516111990021996]",1.595063266582349,
2,3,1,1,1,42,42,5,sphere-gaussian,"{""radial_std"": 0.15}",5,,"2,3,4","[-0.06287732248266903, -0.8574246602165702, 0.03158433420286169]",1.1098821561691279,
2,3,1,1,1,42,42,5,sphere-gaussian,"{""radial_std"": 0.15}",5,,"2,3,5","[-0.23016627712416313, -0.8797693683112876, -0.8052160674254997]",0.3811422291358404,
2,3,1,1,1,42,42,5,sphere-gaussian,"{""radial_std"": 0.15}",5,,"2,4,5","[-0.21944424239483326, -0.7507826278518797, 0.03435995071737697]",0.9006820166836533,
2,3,1,1,1,42,42,5,sphere-gaussian,"{""radial_std"": 0.15}",5,,"3,4,5","[-0.2760282239993648, -1.6879807730032368, -0.03971887298697141]",1.7881347111948793,
2,3,1,1,1,42,42,5,sphere-gaussian,"{""radial_std"": 0.15}",5,,"1,2,3,4","[-0.2323351368249845, 0.5571775929074403, -0.1330790832850764]",1.230392968141246,
2,3,1,1,1,42,42,5,sphere-gaussian,"{""radial_std"": 0.15}",5,,"1,2,3,5","[-0.23518056937453238, -0.9018451906842967, -0.830215452418389]",0.38420955884626057,
2,3,1,1,1,42,42,5,sphere-gaussian,"{""radial_std"": 0.15}",5,,"1,2,4,5","[-0.5886076173502874, -1.3149747061823895, -0.2799840179663846]",1.4942147118202986,
2,3,1,1,1,42,42,5,sphere-gaussian,"{""radial_std"": 0.15}",5,,"1,3,4,5","[-0.5116404055789059, -1.5476258144894495, -0.2088324630613031]",1.6845903563096303,
2,3,1,1,1,42,42,5,sphere-gaussian,"{""radial_std"": 0.15}",5,,"2,3,4,5","[-0.2018319325373012, -0.8511393510588071, -0.061626552899227936]",1.081846000054821,
2,3,1,1,1,42,42,5,sphere-gaussian,"{""radial_std"": 0.15}",5,,"1,2,3,4,5","[-0.23233513680391873, -0.9225918130166778, -0.1330790833213056]",1.1917392381739675,
2,3,2,2,0,42,43,5,sphere-gaussian,"{""radial_std"": 0.15}",5,"[[0.3090655092059366, 0.8582154166543802], [-0.4755394314179619, -1.042396419886804], [0.07121651099836815, 0.87958241032064], [0.7782194583048874, 0.5984657334188878], [-1.1380828670767789, 0.14480454090441947]]",__POINTS__,,,"[{""attempts"": [{""attempt"": 1, ""is_shattered"": true, ""num_failed_subsets"": 0, ""point"": [0.3090655092059366, 0.8582154166543802]}], ""d"": 1, ""success"": true}, {""attempts"": [{""attempt"": 1, ""is_shattered"": true, ""num_failed_subsets"": 0, ""point"": [-0.4755394314179619, -1.042396419886804]}], ""d"": 2, ""success"": true}, {""attempts"": [{""attempt"": 1, ""is_shattered"": true, ""num_failed_subsets"": 0, ""point"": [0.07121651099836815, 0.87958241032064]}], ""d"": 3, ""success"": true}, {""attempts"": [{""attempt"": 1, ""is_shattered"": true, ""num_failed_subsets"": 0, ""point"": [0.7782194583048874, 0.5984657334188878]}], ""d"": 4, ""success"": true}, {""attempts"": [{""attempt"": 1, ""is_shattered"": false, ""num_failed_subsets"": 1, ""point"": [-0.7408039112753008, -0.4753656112347796]}, {""attempt"": 2, ""is_shattered"": false, ""num_failed_subsets"": 1, ""point"": [0.04685493374600167, -1.0868218447942295]}, {""attempt"": 3, ""is_shattered"": false, ""num_failed_subsets"": 1, ""point"": [-0.8768532454521352, -0.8634089935694073]}, {""attempt"": 4, ""is_shattered"": false, ""num_failed_subsets"": 1, ""point"": [-0.4431177079739796, -0.9573551116816564]}, {""attempt"": 5, ""is_shattered"": true, ""num_failed_subsets"": 0, ""point"": [-1.1380828670767789, 0.14480454090441947]}], ""d"": 5, ""success"": true}, {""attempts"": [{""attempt"": 1, ""is_shattered"": false, ""num_failed_subsets"": 1, ""point"": [0.686428745322035, 0.09080332053537772]}, {""attempt"": 2, ""is_shattered"": false, ""num_failed_subsets"": 1, ""point"": [0.6708810061585345, 0.4787743412508091]}, {""attempt"": 3, ""is_shattered"": false, ""num_failed_subsets"": 1, ""point"": [0.6301704325241102, -0.4031730151358641]}, {""attempt"": 4, ""is_shattered"": false, ""num_failed_subsets"": 1, ""point"": [-1.0505726726847533, 0.015065408718397545]}, {""attempt"": 5, ""is_shattered"": false, ""num_failed_subsets"": 1, ""point"": [0.6974142260896399, -0.5335455052705929]}, {""attempt"": 6, ""is_shattered"": false, ""num_failed_subsets"": 1, ""point"": [0.5602743358915638, -0.5967194956907619]}], ""d"": 6, ""success"": false}]"
2,3,2,2,0,42,43,5,sphere-gaussian,"{""radial_std"": 0.15}",5,,1,"[0.30825326157299454, 0.3086894672953795, 0.8581783886596258]",8.025248081109853e-07,
2,3,2,2,0,42,43,5,sphere-gaussian,"{""radial_std"": 0.15}",5,,2,"[-0.4755394316880828, -0.47553943072129445, -1.0423964200011868]",5.713942526098215e-19,
2,3,2,2,0,42,43,5,sphere-gaussian,"{""radial_std"": 0.15}",5,,3,"[0.07121651154723344, 0.07121651065990048, 0.8795824104087104]",4.2356986916819676e-19,
2,3,2,2,0,42,43,5,sphere-gaussian,"{""radial_std"": 0.15}",5,,4,"[0.7782194583047094, 0.5984657334194693, 0.5984657334189871]",3.7972901891367753e-25,
2,3,2,2,0,42,43,5,sphere-gaussian,"{""radial_std"": 0.15}",5,,5,"[-1.1380516398592349, -1.1381140942940622, 0.14480454117023636]",1.9502782148712874e-09,
2,3,2,2,0,42,43,5,sphere-gaussian,"{""radial_std"": 0.15}",5,,"1,2","[0.13884527398741023, 0.13884528034264376, -0.27544916359569854]",1.3431452359284655,
2,3,2,2,0,42,43,5,sphere-gaussian,"{""radial_std"": 0.15}",5,,"1,3","[0.19014212266788344, 0.8691883676101679, 0.8686218440104813]",0.01437147124867514,
2,3,2,2,0,42,43,5,sphere-gaussian,"{""radial_std"": 0.15}",5,,"1,4","[0.5438033398891692, 0.8178382639946778, 0.7287478850105339]",0.07349400536072606,
2,3,2,2,0,42,43,5,sphere-gaussian,"{""radial_std"": 0.15}",5,,"1,5","[-0.17643443410286896, 0.47539946065950284, -0.03863004253417931]",1.067708956026149,
2,3,2,2,0,42,43,5,sphere-gaussian,"{""radial_std"": 0.15}",5,,"2,3","[-0.19053204920034986, -0.20623176907505897, -0.08355738435643681]",1.0731281229053449,
2,3,2,2,0,42,43,5,sphere-gaussian,"{""radial_std"": 0.15}",5,,"2,4","[0.20669718480401147, 0.0915735340263105, -0.2839713152647832]",1.3622725573470917,
2,3,2,2,0,42,43,5,sphere-gaussian,"{""radial_std"": 0.15}",5,,"2,5","[-0.8068111492501125, -1.090239643482188, -0.4487959394862629]",0.4643914554112153,
2,3,2,2,0,42,43,5,sphere-gaussian,"{""radial_std"": 0.15}",5,,"3,4","[0.09125705127788349, 0.5836404629301633, 0.05575995166329324]",0.7666667028681983,
2,3,2,2,0,42,43,5,sphere-gaussian,"{""radial_std"": 0.15}",5,,"3,5","[-0.5334331780392755, 0.10801052595123602, 0.5121934756126303]",0.5019296771853339,
2,3,2,2,0,42,43,5,sphere-gaussian,"{""radial_std"": 0.15}",5,,"4,5","[-0.06328609039432434, 0.531743234971894, -0.28119366285100716]",1.4863841337372614,
2,3,2,2,0,42,43,5,sphere-gaussian,"{""radial_std"": 0.15}",5,,"1,2,3","[-0.08323679391593353, -0.08323701203670808, -0.09209054967387065]",1.2108837948471298,
2,3,2,2,0,42,43,5,sphere-gaussian,"{""radial_std"": 0.15}",5,,"1,2,4","[0.19893644296354215, 0.09442314127916461, -0.2799066186138181]",1.3611657385344984,
2,3,2,2,0,42,43,5,sphere-gaussian,"{""radial_std"": 0.15}",5,,"1,2,5","[-0.042015855897463025, 0.31970640728407124, -0.27544916209330583]",1.4085667307420997,
2,3,2,2,0,42,43,5,sphere-gaussian,"{""radial_std"": 0.15}",5,,"1,3,4","[0.42496654357392927, 0.8286423720131816, 0.7397424231637462]",0.14728919505801663,
2,3,2,2,0,42,43,5,sphere-gaussian,"{""radial_std"": 0.15}",5,,"1,3,5","[-0.4145086710607997, 0.2269350266549921, 0.5015099624365194]",0.657543793572842,
2,3,2,2,0,42,43,5,sphere-gaussian,"{""radial_std"": 0.15}",5,,"1,4,5","[-0.06328609039432433, 0.47539946065950395, -0.22484988853861743]",1.401125509341722,
2,3,2,2,0,42,43,5,sphere-gaussian,"{""radial_std"": 0.15}",5,,"2,3,4","[0.2530071672400517, 0.024275705044298893, -0.2753071725177094]",1.3690212305192704,
2,3,2,2,0,42,43,5,sphere-gaussian,"{""radial_std"": 0.15}",5,,"2,3,5","[-0.2021614602110234, -0.20216145999656754, -0.08140700478286238]",1.0729716872209043,
2,3,2,2,0,42,43,5,sphere-gaussian,"{""radial_std"": 0.15}",5,,"2,4,5","[-0.02910116859157171, 0.4342364762251361, -0.3280868356490142]",1.5372375067780792,
2,3,2,2,0,42,43,5,sphere-gaussian,"{""radial_std"": 0.15}",5,,"3,4,5","[-0.08148075409425817, 0.5836404629301551, -0.2562351294807412]",1.4698178088855702,
2,3,2,2,0,42,43,5,sphere-gaussian,"{""radial_std"": 0.15}",5,,"1,2,3,4","[0.151340013613241, 0.06146315101298683, -0.2219653432059251]",1.3544567646538979,
2,3,2,2,0,42,43,5,sphere-gaussian,"{""radial_std"": 0.15}",5,,"1,2,3,5","[-0.08742757806478495, -0.0821707953895889, -0.09080067484145704]",1.2109041592808745,
2,3,2,2,0,42,43,5,sphere-gaussian,"{""radial_std"": 0.15}",5,,"1,2,4,5","[-0.024024008148791517, 0.3833859776396228, -0.29868268187626473]",1.4947291598802872,
2,3,2,2,0,42,43,5,sphere-gaussian,"{""radial_std"": 0.15}",5,,"1,3,4,5","[-0.17993170438611603, 0.37163513716195545, 0.37163513716207147]",1.02095788936262,
2,3,2,2,0,42,43,5,sphere-gaussian,"{""radial_std"": 0.15}",5,,"2,3,4,5","[-0.09007617227201656, 0.5228455541917348, -0.3394946522255658]",1.6394253986235825,
2,3,2,2,0,42,43,5,sphere-gaussian,"{""radial_std"": 0.15}",5,,"1,2,3,4,5","[0.004480575096722726, 0.09789721155819081, -0.1335996283810427]",1.3851603984132843,
2,3,3,3,0,42,44,5,sphere-gaussian,"{""radial_std"": 0.15}",4,"[[1.0463971153495268, 0.07403496685612601], [0.8798062464072244, 0.6380985122522047], [-0.3684579409090875, -0.9900874875506908], [0.22992730029967942, -1.0135978037764266]]",__POINTS__,,,"[{""attempts"": [{""attempt"": 1, ""is_shattered"": true, ""num_failed_subsets"": 0, ""point"": [1.0463971153495268, 0.07403496685612601]}], ""d"": 1, ""success"": true}, {""attempts"": [{""attempt"": 1, ""is_shattered"": true, ""num_failed_subsets"": 0, ""point"": [0.8798062464072244, 0.6380985122522047]}], ""d"": 2, ""success"": true}, {""attempts"": [{""attempt"": 1, ""is_shattered"": true, ""num_failed_subsets"": 0, ""point"": [-0.3684579409090875, -0.9900874875506908]}], ""d"": 3, ""success"": true}, {""attempts"": [{""attempt"": 1, ""is_shattered"": false, ""num_failed_subsets"": 1, ""point"": [-0.5429278189233715, 0.8772741064201778]}, {""attempt"": 2, ""is_shattered"": false, ""num_failed_subsets"": 1, ""point"": [-1.0412345664868001, 0.3740331553163053]}, {""attempt"": 3, ""is_shattered"": true, ""num_failed_subsets"": 0, ""point"": [0.22992730029967942, -1.0135978037764266]}], ""d"": 4, ""success"": true}, {""attempts"": [{""attempt"": 1, ""is_shattered"": false, ""num_failed_subsets"": 1, ""point"": [0.4404735320557963, 1.017016913711326]}, {""attempt"": 2, ""is_shattered"": false, ""num_failed_subsets"": 1, ""point"": [-0.9566124816037239, -0.5242723407513527]}, {""attempt"": 3, ""is_shattered"": false, ""num_failed_subsets"": 1, ""point"": [-0.7947525494442985, 0.36385248554787325]}, {""attempt"": 4, ""is_shattered"": false, ""num_failed_subsets"": 1, ""point"": [-0.2777781575310986, 0.9505724511125213]}, {""attempt"": 5, ""is_shattered"": false, ""num_failed_subsets"": 1, ""point"": [-0.7211593605412464, 0.6722680146744471]}, {""attempt"": 6, ""is_shattered"": false, ""num_failed_subsets"": 1, ""point"": [-1.2264178242362436, 0.48957554034700895]}], ""d"": 5, ""success"": false}]"
2,3,3,3,0,42,44,5,sphere-gaussian,"{""radial_std"": 0.15}",4,,1,"[1.0463346577603039, 1.046334660035626, 0.07432457859487082]",9.167657590478572e-08,
2,3,3,3,0,42,44,5,sphere-gaussian,"{""radial_std"": 0.15}",4,,2,"[0.8798062464074178, 0.6380985122525211, 0.6380985122524778]",2.121131603231912e-25,
2,3,3,3,0,42,44,5,sphere-gaussian,"{""radial_std"": 0.15}",4,,3,"[-0.36845794090929684, -0.3684579409086447, -0.9900874875500647]",6.318475529008497e-25,
2,3,3,3,0,42,44,5,sphere-gaussian,"{""radial_std"": 0.15}",4,,4,"[0.22992730047624774, -1.0135978038706732, -1.0135978038652549]",4.794925662500698e-20,
2,3,3,3,0,42,44,5,sphere-gaussian,"{""radial_std"": 0.15}",4,,"1,2","[0.9631016819148451, 0.9631016800912228, 0.3560667396248358]",0.09341818161859126,
2,3,3,3,0,42,44,5,sphere-gaussian,"{""radial_std"": 0.15}",4,,"1,3","[0.2691456884730161, -0.37895975846306085, -0.2688209092611131]",0.926874155471985,
2,3,3,3,0,42,44,5,sphere-gaussian,"{""radial_std"": 0.15}",4,,"1,4","[0.6383180355085265, 0.15277652320862087, -0.46978439138890915]",0.468468262502733,
2,3,3,3,0,42,44,5,sphere-gaussian,"{""radial_std"": 0.15}",4,,"2,3","[-0.24889442626686112, 0.15737804728115024, 0.19689241026939408]",1.6997201983637864,
2,3,3,3,0,42,44,5,sphere-gaussian,"{""radial_std"": 0.15}",4,,"2,4","[0.19137340218625035, 0.5602160411028265, -0.07591661647931101]",0.9898230643719974,
2,3,3,3,0,42,44,5,sphere-gaussian,"{""radial_std"": 0.15}",4,,"3,4","[-0.06926532050487011, -1.0018426479523648, -1.001842648469702]",0.08979259170864307,
2,3,3,3,0,42,44,5,sphere-gaussian,"{""radial_std"": 0.15}",4,,"1,2,3","[0.03706446814314042, -0.1302091875338684, 0.15544784565437408]",1.5334620923496074,
2,3,3,3,0,42,44,5,sphere-gaussian,"{""radial_std"": 0.15}",4,,"1,2,4","[0.5548667662075794, 0.4340128993346791, -0.1877496412351338]",0.8292617758108155,
2,3,3,3,0,42,44,5,sphere-gaussian,"{""radial_std"": 0.15}",4,,"1,3,4","[0.3389695973855976, -0.14721148836132864, -0.45802627330807993]",0.8324928504039675,
2,3,3,3,0,42,44,5,sphere-gaussian,"{""radial_std"": 0.15}",4,,"2,3,4","[-0.15713717382994186, 0.4126113315576853, -0.031241231418970086]",1.5741118178885096,
2,3,3,3,0,42,44,5,sphere-gaussian,"{""radial_std"": 0.15}",4,,"1,2,3,4","[0.2556741527771577, 0.1348202856598064, -0.1759944876635125]",1.3055772580790308,
2,3,4,4,0,42,45,5,sphere-gaussian,"{""radial_std"": 0.15}",4,"[[-0.6043100776904782, -0.8220755222202802], [1.0236451822248076, -0.18012738414498522], [0.5287947384904683, 0.6860793665175628], [-0.2912158040209599, 0.8937578281376765]]",__POINTS__,,,"[{""attempts"": [{""attempt"": 1, ""is_shattered"": true, ""num_failed_subsets"": 0, ""point"": [-0.6043100776904782, -0.8220755222202802]}], ""d"": 1, ""success"": true}, {""attempts"": [{""attempt"": 1, ""is_shattered"": true, ""num_failed_subsets"": 0, ""point"": [1.0236451822248076, -0.18012738414498522]}], ""d"": 2, ""success"": true}, {""attempts"": [{""attempt"": 1, ""is_shattered"": true, ""num_failed_subsets"": 0, ""point"": [0.5287947384904683, 0.6860793665175628]}], ""d"": 3, ""success"": true}, {""attempts"": [{""attempt"": 1, ""is_shattered"": false, ""num_failed_subsets"": 1, ""point"": [0.909131416096935, -0.03449357366459109]}, {""attempt"": 2, ""is_shattered"": false, ""num_failed_subsets"": 1, ""point"": [-0.806819051785261, -0.27053155834233483]}, {""attempt"": 3, ""is_shattered"": false, ""num_failed_subsets"": 1, ""point"": [-1.115113310114395, 0.0487329948457788]}, {""attempt"": 4, ""is_shattered"": true, ""num_failed_subsets"": 0, ""point"": [-0.2912158040209599, 0.8937578281376765]}], ""d"": 4, ""success"": true}, {""attempts"": [{""attempt"": 1, ""is_shattered"": false, ""num_failed_subsets"": 1, ""point"": [-0.4799356508203293, -0.7339786189771453]}, {""attempt"": 2, ""is_shattered"": false, ""num_failed_subsets"": 1, ""point"": [0.7187209043586157, -0.11295064788139929]}, {""attempt"": 3, ""is_shattered"": false, ""num_failed_subsets"": 1, ""point"": [-0.0030551792159791004, -0.9287746537462966]}, {""attempt"": 4, ""is_shattered"": false, ""num_failed_subsets"": 1, ""point"": [-0.5704037173224109, -0.752639740440713]}, {""attempt"": 5, ""is_shattered"": false, ""num_failed_subsets"": 1, ""point"": [-0.8036999519041716, -0.5076293814319582]}, {""attempt"": 6, ""is_shattered"": false, ""num_failed_subsets"": 1, ""point"": [1.0964651022202487, 0.6561674432361526]}], ""d"": 5, ""success"": false}]"
2,3,4,4,0,42,45,5,sphere-gaussian,"{""radial_std"": 0.15}",4,,1,"[-0.6043100776907026, -0.6043100776909992, -0.8220755222242315]",1.5934457681093898e-23,
2,3,4,4,0,42,45,5,sphere-gaussian,"{""radial_std"": 0.15}",4,,2,"[1.0236451822248076, 1.0236451822248076, -0.1801273869726633]",7.995763390149763e-18,
2,3,4,4,0,42,45,5,sphere-gaussian,"{""radial_std"": 0.15}",4,,3,"[0.5287947384908342, 0.6860793665183731, 0.6860793665183285]",1.3765528625836095e-24,
2,3,4,4,0,42,45,5,sphere-gaussian,"{""radial_std"": 0.15}",4,,4,"[-0.29064816403838284, -0.29088176337304406, 0.8927664136408839]",1.4167010087305301e-06,
2,3,4,4,0,42,45,5,sphere-gaussian,"{""radial_std"": 0.15}",4,,"1,2","[0.20966755221909603, -0.3922187309302578, -0.5011014532015869]",0.8105666762608761,
2,3,4,4,0,42,45,5,sphere-gaussian,"{""radial_std"": 0.15}",4,,"1,3","[-0.055167130889594324, 0.06020128708614689, -0.12851641178135273]",1.2241575696112876,
2,3,4,4,0,42,45,5,sphere-gaussian,"{""radial_std"": 0.15}",4,,"1,4","[-0.44776294085568896, -0.44776294085567475, 0.035841152958683724]",0.7850350336524756,
2,3,4,4,0,42,45,5,sphere-gaussian,"{""radial_std"": 0.15}",4,,"2,3","[0.7756318033173918, 0.8548804137998056, 0.25264705525833087]",0.2772858985794725,
2,3,4,4,0,42,45,5,sphere-gaussian,"{""radial_std"": 0.15}",4,,"2,4","[0.36563357348893133, -0.2380471828471793, 0.3558579626816839]",0.7236142729543327,
2,3,4,4,0,42,45,5,sphere-gaussian,"{""radial_std"": 0.15}",4,,"3,4","[0.11867121404145557, 0.7901101341544001, 0.7892601422444446]",0.18966997840119065,
2,3,4,4,0,42,45,5,sphere-gaussian,"{""radial_std"": 0.15}",4,,"1,2,3","[0.0025170871442818663, 0.0025170736749287152, -0.12851641527889698]",1.2175026357360887,
2,3,4,4,0,42,45,5,sphere-gaussian,"{""radial_std"": 0.15}",4,,"1,2,4","[0.031327456649348585, -0.3652951387738633, -0.06662838840151732]",1.0318635909019256,
2,3,4,4,0,42,45,5,sphere-gaussian,"{""radial_std"": 0.15}",4,,"1,3,4","[-0.05968745671018177, -0.02889481243500168, -0.05818065036155446]",1.2112519047619084,
2,3,4,4,0,42,45,5,sphere-gaussian,"{""radial_std"": 0.15}",4,,"2,3,4","[0.3660690146518285, -0.23609520797869854, 0.35659303786837004]",0.7236076248708425,
2,3,4,4,0,42,45,5,sphere-gaussian,"{""radial_std"": 0.15}",4,,"1,2,3,4","[-0.03775764323306218, -0.03775768829053535, -0.06799808362020188]",1.210596056303846,
2,3,5,5,0,42,46,5,sphere-gaussian,"{""radial_std"": 0.15}",4,"[[-0.36615652122169384, 0.8867059596444669], [0.41609727922643397, -0.666332451362687], [-0.052587886479179544, -1.0118456375768359], [-0.6849443113484155, -0.7764556060369112]]",__POINTS__,,,"[{""attempts"": [{""attempt"": 1, ""is_shattered"": true, ""num_failed_subsets"": 0, ""point"": [-0.36615652122169384, 0.8867059596444669]}], ""d"": 1, ""success"": true}, {""attempts"": [{""attempt"": 1, ""is_shattered"": true, ""num_failed_subsets"": 0, ""point"": [0.41609727922643397, -0.666332451362687]}], ""d"": 2, ""success"": true}, {""attempts"": [{""attempt"": 1, ""is_shattered"": true, ""num_failed_subsets"": 0, ""point"": [-0.052587886479179544, -1.0118456375768359]}], ""d"": 3, ""success"": true}, {""attempts"": [{""attempt"": 1, ""is_shattered"": false, ""num_failed_subsets"": 1, ""point"": [0.8107655823620237, 0.4880065909453023]}, {""attempt"": 2, ""is_shattered"": true, ""num_failed_subsets"": 0, ""point"": [-0.6849443113484155, -0.7764556060369112]}], ""d"": 4, ""success"": true}, {""attempts"": [{""attempt"": 1, ""is_shattered"": false, ""num_failed_subsets"": 1, ""point"": [0.8211527172935107, -0.002818648519043906]}, {""attempt"": 2, ""is_shattered"": false, ""num_failed_subsets"": 1, ""point"": [-0.22081005513326, 1.0049766536457094]}, {""attempt"": 3, ""is_shattered"": false, ""num_failed_subsets"": 1, ""point"": [-1.081733614028712, 0.009767708916532504]}, {""attempt"": 4, ""is_shattered"": false, ""num_failed_subsets"": 1, ""point"": [0.3625092599312107, -0.8652130229318732]}, {""attempt"": 5, ""is_shattered"": false, ""num_failed_subsets"": 1, ""point"": [0.2980556653456029, 1.13783994526357]}, {""attempt"": 6, ""is_shattered"": false, ""num_failed_subsets"": 1, ""point"": [-0.7017677224798085, 0.6171162425799454]}], ""d"": 5, ""success"": false}]"
2,3,5,5,0,42,46,5,sphere-gaussian,"{""radial_std"": 0.15}",4,,1,"[-0.36615652122466624, 0.8867059596445049, 0.8867059596506248]",4.675712117209478e-23,
2,3,5,5,0,42,46,5,sphere-gaussian,"{""radial_std"": 0.15}",4,,2,"[0.4160656576389172, 0.4160656569037461, -0.6658904010534513]",1.974083719846545e-07,
2,3,5,5,0,42,46,5,sphere-gaussian,"{""radial_std"": 0.15}",4,,3,"[-0.052587886482124264, -1.0118456375768359, -1.0118456375768359]",8.671380920033734e-24,
2,3,5,5,0,42,46,5,sphere-gaussian,"{""radial_std"": 0.15}",4,,4,"[-0.6849443121033731, -0.7764556061334409, -0.7764556065930094]",8.88524205947288e-19,
2,3,5,5,0,42,46,5,sphere-gaussian,"{""radial_std"": 0.15}",4,,"1,2","[0.02316896310586997, -0.5161468016697401, 0.10926051368641417]",0.7784928384166911,
2,3,5,5,0,42,46,5,sphere-gaussian,"{""radial_std"": 0.15}",4,,"1,3","[-0.20937220385043656, -0.20937220385043656, -0.06256983896618448]",0.9502871861756143,
2,3,5,5,0,42,46,5,sphere-gaussian,"{""radial_std"": 0.15}",4,,"1,4","[-0.5255943389042375, -0.5261811653195521, 0.05525449501914298]",0.7423398424536145,
2,3,5,5,0,42,46,5,sphere-gaussian,"{""radial_std"": 0.15}",4,,"2,3","[0.18233675294386215, -0.8394017544196541, -0.8395658884094316]",0.11460679101955769,
2,3,5,5,0,42,46,5,sphere-gaussian,"{""radial_std"": 0.15}",4,,"2,4","[-0.14333559638921067, -0.5903482130261343, -0.6467034457414574]",0.31912404741593836,
2,3,5,5,0,42,46,5,sphere-gaussian,"{""radial_std"": 0.15}",4,,"3,4","[-0.3688195524818754, -0.8940124481041334, -0.8944323942295124]",0.1276729968374882,
2,3,5,5,0,42,46,5,sphere-gaussian,"{""radial_std"": 0.15}",4,,"1,2,3","[-0.20320665966412949, -0.21636345864388754, -0.06270621500576834]",0.9503740963521567,
2,3,5,5,0,42,46,5,sphere-gaussian,"{""radial_std"": 0.15}",4,,"1,2,4","[-0.2085763512690454, -0.5375150108351496, -0.003337751833519429]",0.8463730522964874,
2,3,5,5,0,42,46,5,sphere-gaussian,"{""radial_std"": 0.15}",4,,"1,3,4","[-0.2142938577612801, -0.21429377361646612, -0.06419556576857964]",0.9503382755303124,
2,3,5,5,0,42,46,5,sphere-gaussian,"{""radial_std"": 0.15}",4,,"2,3,4","[-0.13435015926314403, -0.6756076925937384, -0.7221326568344475]",0.30619207557032274,
2,3,5,5,0,42,46,5,sphere-gaussian,"{""radial_std"": 0.15}",4,,"1,2,3,4","[-0.20784418755223738, -0.22074333380390657, -0.06419554759323277]",0.9504214665337987,
2,3,6,6,0,42,47,5,sphere-gaussian,"{""radial_std"": 0.15}",3,"[[-0.7075286934460918, 0.10345968288052282], [-0.7116932266135416, -0.5174334127702745], [-0.8247269519751492, -0.5132153378395165]]",__POINTS__,,,"[{""attempts"": [{""attempt"": 1, ""is_shattered"": true, ""num_failed_subsets"": 0, ""point"": [-0.7075286934460918, 0.10345968288052282]}], ""d"": 1, ""success"": true}, {""attempts"": [{""attempt"": 1, ""is_shattered"": true, ""num_failed_subsets"": 0, ""point"": [-0.7116932266135416, -0.5174334127702745]}], ""d"": 2, ""success"": true}, {""attempts"": [{""attempt"": 1, ""is_shattered"": true, ""num_failed_subsets"": 0, ""point"": [-0.8247269519751492, -0.5132153378395165]}], ""d"": 3, ""success"": true}, {""attempts"": [{""attempt"": 1, ""is_shattered"": false, ""num_failed_subsets"": 1, ""point"": [-1.0889222325273293, 0.005698460011524913]}, {""attempt"": 2, ""is_shattered"": false, ""num_failed_subsets"": 1, ""point"": [0.3761825433226572, 1.2177901730078933]}, {""attempt"": 3, ""is_shattered"": false, ""num_failed_subsets"": 1, ""point"": [-0.3075207739458239, 0.7827897850536636]}, {""attempt"": 4, ""is_shattered"": false, ""num_failed_subsets"": 1, ""point"": [-0.07414295283384212, 1.2025403553013543]}, {""attempt"": 5, ""is_shattered"": false, ""num_failed_subsets"": 1, ""point"": [0.8348696007991104, 0.8605264540984582]}, {""attempt"": 6, ""is_shattered"": false, ""num_failed_subsets"": 1, ""point"": [0.123110426063539, 0.887842527089669]}], ""d"": 4, ""success"": false}]"
2,3,6,6,0,42,47,5,sphere-gaussian,"{""radial_std"": 0.15}",3,,1,"[-0.7082582701490732, 0.10327961691373576, 0.10291884800625441]",8.572082791530233e-07,
2,3,6,6,0,42,47,5,sphere-gaussian,"{""radial_std"": 0.15}",3,,2,"[-0.7116932266141021, -0.5174334127714123, -0.5174334127709692]",2.0911452376133764e-24,
2,3,6,6,0,42,47,5,sphere-gaussian,"{""radial_std"": 0.15}",3,,3,"[-0.8247269519751492, -0.8247269519751492, -0.5132153369379404]",8.12839348779251e-19,
2,3,6,6,0,42,47,5,sphere-gaussian,"{""radial_std"": 0.15}",3,,"1,2","[-0.7088790362064712, -0.7092568349152999, -0.2069941494304901]",0.09638639189510265,
2,3,6,6,0,42,47,5,sphere-gaussian,"{""radial_std"": 0.15}",3,,"1,3","[-0.7654444132667522, -0.7660189838640681, -0.2050283932018631]",0.10194023776053636,
2,3,6,6,0,42,47,5,sphere-gaussian,"{""radial_std"": 0.15}",3,,"2,3","[-0.7682340996924014, -0.5155833776985246, -0.515708790769957]",0.003203267279330538,
2,3,6,6,0,42,47,5,sphere-gaussian,"{""radial_std"": 0.15}",3,,"1,2,3","[-0.7624431903528615, -0.7624431903528399, -0.20627848765712273]",0.10196893822905242,
2,3,7,7,0,42,48,5,sphere-gaussian,"{""radial_std"": 0.15}",4,"[[-0.22866731837156978, 1.0031928119373204], [0.8416301605380987, 0.09705783658416914], [0.8524636627763165, -0.6334548803872188], [0.8913863104412387, 0.559209163627954]]",__POINTS__,,,"[{""attempts"": [{""attempt"": 1, ""is_shattered"": true, ""num_failed_subsets"": 0, ""point"": [-0.22866731837156978, 1.0031928119373204]}], ""d"": 1, ""success"": true}, {""attempts"": [{""attempt"": 1, ""is_shattered"": true, ""num_failed_subsets"": 0, ""point"": [0.8416301605380987, 0.09705783658416914]}], ""d"": 2, ""success"": true}, {""attempts"": [{""attempt"": 1, ""is_shattered"": true, ""num_failed_subsets"": 0, ""point"": [0.8524636627763165, -0.6334548803872188]}], ""d"": 3, ""success"": true}, {""attempts"": [{""attempt"": 1, ""is_shattered"": true, ""num_failed_subsets"": 0, ""point"": [0.8913863104412387, 0.559209163627954]}], ""d"": 4, ""success"": true}, {""attempts"": [{""attempt"": 1, ""is_shattered"": false, ""num_failed_subsets"": 1, ""point"": [-0.8877626784700167, -0.03215573901014092]}, {""attempt"": 2, ""is_shattered"": false, ""num_failed_subsets"": 1, ""point"": [1.0404306315551983, 0.4387147221692947]}, {""attempt"": 3, ""is_shattered"": false, ""num_failed_subsets"": 1, ""point"": [0.8718585228865566, 0.3356162998503494]}, {""attempt"": 4, ""is_shattered"": false, ""num_failed_subsets"": 1, ""point"": [-0.6257973069903384, -0.6452097547428555]}, {""attempt"": 5, ""is_shattered"": false, ""num_failed_subsets"": 1, ""point"": [0.16300560733895494, -1.0050405931662465]}, {""attempt"": 6, ""is_shattered"": false, ""num_failed_subsets"": 1, ""point"": [-1.3584532716009285, -0.05363876621526871]}], ""d"": 5, ""success"": false}]"
2,3,7,7,0,42,48,5,sphere-gaussian,"{""radial_std"": 0.15}",4,,1,"[-0.22776583384601864, -0.2282475156692828, 1.0031928119373204]",9.88908658655608e-07,
2,3,7,7,0,42,48,5,sphere-gaussian,"{""radial_std"": 0.15}",4,,2,"[0.8416301588369819, 0.8416301601993924, 0.09705846533478221]",3.953303419615247e-13,
2,3,7,7,0,42,48,5,sphere-gaussian,"{""radial_std"": 0.15}",4,,3,"[0.8524636627765964, -0.6334548803876474, -0.633454880387325]",2.733724867188233e-25,
2,3,7,7,0,42,48,5,sphere-gaussian,"{""radial_std"": 0.15}",4,,4,"[0.8913863104415187, 0.8913863104415072, 0.55920916362853]",4.8222268414493915e-25,
2,3,7,7,0,42,48,5,sphere-gaussian,"{""radial_std"": 0.15}",4,,"1,2","[0.30642035421520564, -0.06581250842369608, 0.55005040187425]",0.518178550275258,
2,3,7,7,0,42,48,5,sphere-gaussian,"{""radial_std"": 0.15}",4,,"1,3","[0.14157128020722273, -0.6811320880070181, 0.134204394332246]",1.0969418590297044,
2,3,7,7,0,42,48,5,sphere-gaussian,"{""radial_std"": 0.15}",4,,"1,4","[0.33135949612963134, 0.9472895622912423, 0.7812009877442818]",0.36603557628990735,
2,3,7,7,0,42,48,5,sphere-gaussian,"{""radial_std"": 0.15}",4,,"2,3","[0.8470469116572038, 0.8470469116571893, -0.2681985219015253]",0.13347088979960264,
2,3,7,7,0,42,48,5,sphere-gaussian,"{""radial_std"": 0.15}",4,,"2,4","[0.8664932578332065, 0.8669907438797759, 0.3280831647983252]",0.0546340350709947,
2,3,7,7,0,42,48,5,sphere-gaussian,"{""radial_std"": 0.15}",4,,"3,4","[3.299039741729338, 3.2990397416393225, -0.19554086876807517]",12.163237701378142,
2,3,7,7,0,42,48,5,sphere-gaussian,"{""radial_std"": 0.15}",4,,"1,2,3","[0.31189817225662514, -0.43106109939970705, 0.18486896569292774]",1.0028282111994378,
2,3,7,7,0,42,48,5,sphere-gaussian,"{""radial_std"": 0.15}",4,,"1,2,4","[0.30700888473768084, 0.9222371581548532, 0.5507794298222112]",0.4981806807737216,
2,3,7,7,0,42,48,5,sphere-gaussian,"{""radial_std"": 0.15}",4,,"1,3,4","[0.4621288008858575, 6.135950681872437, -0.1955408687427585]",28.259365066958846,
2,3,7,7,0,42,48,5,sphere-gaussian,"{""radial_std"": 0.15}",4,,"2,3,4","[0.8716537941835787, 0.8719426116148962, -0.037114583194879626]",0.3563694406467314,
2,3,7,7,0,42,48,5,sphere-gaussian,"{""radial_std"": 0.15}",4,,"1,2,3,4","[0.3122838099820684, 0.9280583905285761, 0.18510251277552395]",0.9675450421301386,
2,3,8,8,0,42,49,5,sphere-gaussian,"{""radial_std"": 0.15}",5,"[[0.39518865412447923, 0.9574788275511268], [-1.013192364157195, 0.08013121533609668], [-0.33433590629217164, -0.9312702863335924], [-0.9937725156068606, -0.08711315996973515], [-0.6725688475222038, 1.0055542403111595]]",__POINTS__,,,"[{""attempts"": [{""attempt"": 1, ""is_shattered"": true, ""num_failed_subsets"": 0, ""point"": [0.39518865412447923, 0.9574788275511268]}], ""d"": 1, ""success"": true}, {""attempts"": [{""attempt"": 1, ""is_shattered"": true, ""num_failed_subsets"": 0, ""point"": [-1.013192364157195, 0.08013121533609668]}], ""d"": 2, ""success"": true}, {""attempts"": [{""attempt"": 1, ""is_shattered"": true, ""num_failed_subsets"": 0, ""point"": [-0.33433590629217164, -0.9312702863335924]}], ""d"": 3, ""success"": true}, {""attempts"": [{""attempt"": 1, ""is_shattered"": true, ""num_failed_subsets"": 0, ""point"": [-0.9937725156068606, -0.08711315996973515]}], ""d"": 4, ""success"": true}, {""attempts"": [{""attempt"": 1, ""is_shattered"": false, ""num_failed_subsets"": 1, ""point"": [1.0341224556474515, 0.46428674953929167]}, {""attempt"": 2, ""is_shattered"": false, ""num_failed_subsets"": 1, ""point"": [0.8683923148007084, -0.40343206908007867]}, {""attempt"": 3, ""is_shattered"": true, ""num_failed_subsets"": 0, ""point"": [-0.6725688475222038, 1.0055542403111595]}], ""d"": 5, ""success"": true}, {""attempts"": [{""attempt"": 1, ""is_shattered"": false, ""num_failed_subsets"": 1, ""point"": [-1.0686651028053633, -0.2966834122442439]}, {""attempt"": 2, ""is_shattered"": false, ""num_failed_subsets"": 1, ""point"": [0.9177091249414997, 0.963036422999545]}, {""attempt"": 3, ""is_shattered"": false, ""num_failed_subsets"": 1, ""point"": [0.808223749150801, 0.8745543984424131]}, {""attempt"": 4, ""is_shattered"": false, ""num_failed_subsets"": 1, ""point"": [-0.6596633544135952, 0.7799865526065287]}, {""attempt"": 5, ""is_shattered"": false, ""num_failed_subsets"": 1, ""point"": [1.0120245953447855, -0.02931519759574277]}, {""attempt"": 6, ""is_shattered"": false, ""num_failed_subsets"": 1, ""point"": [-0.4814293419802781, 1.0005156604226757]}], ""d"": 6, ""success"": false}]"
2,3,8,8,0,42,49,5,sphere-gaussian,"{""radial_std"": 0.15}",5,,1,"[0.3945913172343659, 0.9565015173867207, 0.9570111886268744]",1.5306326812175717e-06,
2,3,8,8,0,42,49,5,sphere-gaussian,"{""radial_std"": 0.15}",5,,2,"[-1.0131298780854634, -1.0132548502289265, 0.07932959663890295]",6.504015540114624e-07,
2,3,8,8,0,42,49,5,sphere-gaussian,"{""radial_std"": 0.15}",5,,3,"[-0.3351926988301519, -0.33490097199914354, -0.9306267107682819]",1.4675822145991583e-06,
2,3,8,8,0,42,49,5,sphere-gaussian,"{""radial_std"": 0.15}",5,,4,"[-0.9937725156066445, -0.08711315997265649, -0.087113159972665]",1.7165000221144845e-23,
2,3,8,8,0,42,49,5,sphere-gaussian,"{""radial_std"": 0.15}",5,,5,"[-0.6716989233663809, 1.0055912704264602, 1.005240893099334]",8.5632574148216e-07,
2,3,8,8,0,42,49,5,sphere-gaussian,"{""radial_std"": 0.15}",5,,"1,2","[-0.30900184637325767, 0.23765994348911512, 0.5188050044237762]",0.7131342787628596,
2,3,8,8,0,42,49,5,sphere-gaussian,"{""radial_std"": 0.15}",5,,"1,3","[0.07383040318089944, 0.02824093025499936, -0.002816303639101461]",1.160088498435524,
2,3,8,8,0,42,49,5,sphere-gaussian,"{""radial_std"": 0.15}",5,,"1,4","[-0.04939336008310368, -0.13100286872314787, 0.23450753964667048]",0.9972181707412954,
2,3,8,8,0,42,49,5,sphere-gaussian,"{""radial_std"": 0.15}",5,,"1,5","[-0.13868512688867188, 0.9812802894288867, 0.9818631581848652]",0.28618231922125303,
2,3,8,8,0,42,49,5,sphere-gaussian,"{""radial_std"": 0.15}",5,,"2,3","[-0.22043601349731975, 0.43649501108200195, -0.3522533018237073]",0.9424141571095095,
2,3,8,8,0,42,49,5,sphere-gaussian,"{""radial_std"": 0.15}",5,,"2,4","[-1.003730003959244, -1.0033298140298654, -0.0035019962209042617]",0.007181320230868034,
2,3,8,8,0,42,49,5,sphere-gaussian,"{""radial_std"": 0.15}",5,,"2,5","[-0.8428805948588652, -0.8428805948978306, 0.5428427197518403]",0.2721141358233506,
2,3,8,8,0,42,49,5,sphere-gaussian,"{""radial_std"": 0.15}",5,,"3,4","[-0.6639750198819382, -0.9622778530860061, -0.5091118283398048]",0.28784117805984494,
2,3,8,8,0,42,49,5,sphere-gaussian,"{""radial_std"": 0.15}",5,,"3,5","[0.020683980321412675, -0.5404428377882979, 0.12221359140869624]",1.2783474677648003,
2,3,8,8,0,42,49,5,sphere-gaussian,"{""radial_std"": 0.15}",5,,"4,5","[-0.8257603548284677, -0.4214124630624508, 0.43476802044101664]",0.4123440781263196,
2,3,8,8,0,42,49,5,sphere-gaussian,"{""radial_std"": 0.15}",5,,"1,2,3","[0.06245604577755227, 0.1704354236786843, -0.05334524978793692]",1.1829903185815398,
2,3,8,8,0,42,49,5,sphere-gaussian,"{""radial_std"": 0.15}",5,,"1,2,4","[-0.29892537362769395, 0.15390977497777342, 0.4347545207012879]",0.81325048201628,
2,3,8,8,0,42,49,5,sphere-gaussian,"{""radial_std"": 0.15}",5,,"1,2,5","[-0.36601333689849314, 0.334679279096215, 0.5754840641535861]",0.7290098549191473,
2,3,8,8,0,42,49,5,sphere-gaussian,"{""radial_std"": 0.15}",5,,"1,3,4","[0.059287615893074117, 0.026049577188029003, 0.003647215663941447]",1.1588879107863337,
2,3,8,8,0,42,49,5,sphere-gaussian,"{""radial_std"": 0.15}",5,,"1,3,5","[0.11004593983166457, -0.42450169874074495, 0.1580662305633627]",1.3922591423557849,
2,3,8,8,0,42,49,5,sphere-gaussian,"{""radial_std"": 0.15}",5,,"1,4,5","[-0.08375195615913701, -0.22328664449121977, 0.3228017145917701]",1.0147108408917236,
2,3,8,8,0,42,49,5,sphere-gaussian,"{""radial_std"": 0.15}",5,,"2,3,4","[-0.6738398634139154, -0.9722592826925179, -0.425622642356824]",0.3726226014901825,
2,3,8,8,0,42,49,5,sphere-gaussian,"{""radial_std"": 0.15}",5,,"2,3,5","[0.09178078528113424, -0.5404428377882978, 0.17775282045921087]",1.4539877534484904,
2,3,8,8,0,42,49,5,sphere-gaussian,"{""radial_std"": 0.15}",5,,"2,4,5","[-0.8333972397539324, -0.8329441233751338, 0.4592205401707122]",0.3500665127618984,
2,3,8,8,0,42,49,5,sphere-gaussian,"{""radial_std"": 0.15}",5,,"3,4,5","[-0.06887428762065059, -0.4665305744105491, 0.11948128702619516]",1.1920241701847014,
2,3,8,8,0,42,49,5,sphere-gaussian,"{""radial_std"": 0.15}",5,,"1,2,3,4","[0.03042637393024723, 0.03042637393136072, 0.013104270648494943]",1.1579463469861528,
2,3,8,8,0,42,49,5,sphere-gaussian,"{""radial_std"": 0.15}",5,,"1,2,3,5","[0.11907122072347678, -0.5373297414257427, 0.1981597843341767]",1.5223968044594218,
2,3,8,8,0,42,49,5,sphere-gaussian,"{""radial_std"": 0.15}",5,,"1,2,4,5","[-0.3350019480798596, 0.03758208656145412, 0.536434427758239]",0.8383391593086967,
2,3,8,8,0,42,49,5,sphere-gaussian,"{""radial_std"": 0.15}",5,,"1,3,4,5","[0.05057891998882282, -0.36503468317254884, 0.1580662322090958]",1.3357558890236179,
2,3,8,8,0,42,49,5,sphere-gaussian,"{""radial_std"": 0.15}",5,,"2,3,4,5","[-0.5040215632521534, -0.8018356758165459, 0.03703137310090987]",0.9831546442412511,
2,3,8,8,0,42,49,5,sphere-gaussian,"{""radial_std"": 0.15}",5,,"1,2,3,4,5","[-0.15722787943949812, -0.15722787943949718, 0.1580662305804867]",1.2493885561579894,
2,3,9,9,0,42,50,5,sphere-gaussian,"{""radial_std"": 0.15}",5,"[[0.7853244072621799, -0.7708098407515539], [-0.6215995541988727, 0.7464280092915812], [0.5876781296107957, 0.8540534749412336], [0.12921436949783205, -0.9640821589112016], [-0.16362092227106684, -0.8962621058005046]]",__POINTS__,,,"[{""attempts"": [{""attempt"": 1, ""is_shattered"": true, ""num_failed_subsets"": 0, ""point"": [0.7853244072621799, -0.7708098407515539]}], ""d"": 1, ""success"": true}, {""attempts"": [{""attempt"": 1, ""is_shattered"": true, ""num_failed_subsets"": 0, ""point"": [-0.6215995541988727, 0.7464280092915812]}], ""d"": 2, ""success"": true}, {""attempts"": [{""attempt"": 1, ""is_shattered"": true, ""num_failed_subsets"": 0, ""point"": [0.5876781296107957, 0.8540534749412336]}], ""d"": 3, ""success"": true}, {""attempts"": [{""attempt"": 1, ""is_shattered"": true, ""num_failed_subsets"": 0, ""point"": [0.12921436949783205, -0.9640821589112016]}], ""d"": 4, ""success"": true}, {""attempts"": [{""attempt"": 1, ""is_shattered"": false, ""num_failed_subsets"": 1, ""point"": [-0.5950246639407147, 0.0021726605916319005]}, {""attempt"": 2, ""is_shattered"": false, ""num_failed_subsets"": 1, ""point"": [-1.0209694677667474, -0.19196463476580028]}, {""attempt"": 3, ""is_shattered"": true, ""num_failed_subsets"": 0, ""point"": [-0.16362092227106684, -0.8962621058005046]}], ""d"": 5, ""success"": true}, {""attempts"": [{""attempt"": 1, ""is_shattered"": false, ""num_failed_subsets"": 1, ""point"": [-0.12254669981315551, -0.8734398201165905]}, {""attempt"": 2, ""is_shattered"": false, ""num_failed_subsets"": 1, ""point"": [-0.7861691995776833, -0.6926350490808034]}, {""attempt"": 3, ""is_shattered"": false, ""num_failed_subsets"": 1, ""point"": [-0.9749519018193906, 0.3839281477278091]}, {""attempt"": 4, ""is_shattered"": false, ""num_failed_subsets"": 1, ""point"": [1.0018389249284032, 0.5798155367642707]}, {""attempt"": 5, ""is_shattered"": false, ""num_failed_subsets"": 1, ""point"": [0.873941325260614, -0.08616881736259985]}, {""attempt"": 6, ""is_shattered"": false, ""num_failed_subsets"": 1, ""point"": [0.1505672459692452, 0.9944574795118092]}], ""d"": 6, ""success"": false}]"
2,3,9,9,0,42,50,5,sphere-gaussian,"{""radial_std"": 0.15}",5,,1,"[0.7853244072623751, 0.7853244072625408, -0.7708098407541604]",6.962056099812562e-24,
2,3,9,9,0,42,50,5,sphere-gaussian,"{""radial_std"": 0.15}",5,,2,"[-0.6215995544587664, -0.621599554458752, 0.7464280090764314]",1.8137141791551194e-19,
2,3,9,9,0,42,50,5,sphere-gaussian,"{""radial_std"": 0.15}",5,,3,"[0.5869777656977009, 0.587074082079828, 0.8540905061250936]",8.567543390116594e-07,
2,3,9,9,0,42,50,5,sphere-gaussian,"{""radial_std"": 0.15}",5,,4,"[0.12883216760164912, -0.9640283012144744, -0.9641133885458194]",1.4995423102095555e-07,
2,3,9,9,0,42,50,5,sphere-gaussian,"{""radial_std"": 0.15}",5,,5,"[-0.16362092227249808, -0.16362092227243552, -0.8962621058007303]",3.972696680871341e-24,
2,3,9,9,0,42,50,5,sphere-gaussian,"{""radial_std"": 0.15}",5,,"1,2","[0.060395362164805476, 0.7630160224787537, -0.03217049769954577]",1.0716078661514288,
2,3,9,9,0,42,50,5,sphere-gaussian,"{""radial_std"": 0.15}",5,,"1,3","[0.6865012684214877, 0.8196889411069262, 0.04162181721812743]",0.67099213445726,
2,3,9,9,0,42,50,5,sphere-gaussian,"{""radial_std"": 0.15}",5,,"1,4","[0.45731615602207965, -0.8677026151947643, -0.8673481486391843]",0.1262972675106985,
2,3,9,9,0,42,50,5,sphere-gaussian,"{""radial_std"": 0.15}",5,,"1,5","[0.3221276452673814, -0.44834845137850604, -0.8275131596069764]",0.32174785623654895,
2,3,9,9,0,42,50,5,sphere-gaussian,"{""radial_std"": 0.15}",5,,"2,3","[-0.016853726144481492, 0.7994043277298722, 0.7998750621625829]",0.37138059432506226,
2,3,9,9,0,42,50,5,sphere-gaussian,"{""radial_std"": 0.15}",5,,"2,4","[-0.2461925884515542, 0.4378211947692012, -0.10882707503969158]",0.9676298151757514,
2,3,9,9,0,42,50,5,sphere-gaussian,"{""radial_std"": 0.15}",5,,"2,5","[-0.39261023504677706, -0.7589307467812674, -0.0749170612799615]",0.7459036896940157,
2,3,9,9,0,42,50,5,sphere-gaussian,"{""radial_std"": 0.15}",5,,"3,4","[0.33589602974498695, 0.335896029744986, -0.04364174869395158]",0.9326451689092095,
2,3,9,9,0,42,50,5,sphere-gaussian,"{""radial_std"": 0.15}",5,,"3,5","[0.100071692863266, 0.09832247297303467, 0.07575846234124883]",1.0829721224790083,
2,3,9,9,0,42,50,5,sphere-gaussian,"{""radial_std"": 0.15}",5,,"4,5","[-0.01718660792975277, -0.9300652663854475, -0.9302070268044822]",0.0237379197441086,
2,3,9,9,0,42,50,5,sphere-gaussian,"{""radial_std"": 0.15}",5,,"1,2,3","[0.08186243475479725, 0.7658762396738317, -0.012190907300604955]",1.0707396661537267,
2,3,9,9,0,42,50,5,sphere-gaussian,"{""radial_std"": 0.15}",5,,"1,2,4","[0.014516213853725377, 0.6672284389460063, -0.07716954991198488]",1.089228781834142,
2,3,9,9,0,42,50,5,sphere-gaussian,"{""radial_std"": 0.15}",5,,"1,2,5","[0.13419384553447283, -0.6718112508856928, 0.03393670636611756]",1.0813887343090829,
2,3,9,9,0,42,50,5,sphere-gaussian,"{""radial_std"": 0.15}",5,,"1,3,4","[0.3584462495619402, 0.3584462495621476, -0.05501434193065581]",0.9314988072392121,
2,3,9,9,0,42,50,5,sphere-gaussian,"{""radial_std"": 0.15}",5,,"1,3,5","[0.3759694927381056, -0.17757532690180552, 0.07575846234124872]",1.236176526268987,
2,3,9,9,0,42,50,5,sphere-gaussian,"{""radial_std"": 0.15}",5,,"1,4,5","[0.31085174249553954, -0.833535973275965, -0.833535973275965]",0.23299344689038007,
2,3,9,9,0,42,50,5,sphere-gaussian,"{""radial_std"": 0.15}",5,,"2,3,4","[0.022211038733166533, 0.43074040500317873, 0.011541423297242242]",1.0542090400291342,
2,3,9,9,0,42,50,5,sphere-gaussian,"{""radial_std"": 0.15}",5,,"2,3,5","[-0.012380607800000798, 0.210774773636301, 0.07575846234124901]",1.1078697547258867,
2,3,9,9,0,42,50,5,sphere-gaussian,"{""radial_std"": 0.15}",5,,"2,4,5","[-0.24619259235052157, -0.792840856555044, -0.10882707480980963]",0.901715231327659,
2,3,9,9,0,42,50,5,sphere-gaussian,"{""radial_std"": 0.15}",5,,"3,4,5","[0.2120286036698675, 0.21202860366986703, -0.021104315429637924]",1.0481262925212462,
2,3,9,9,0,42,50,5,sphere-gaussian,"{""radial_std"": 0.15}",5,,"1,2,3,4","[0.05195849408466852, 0.619915887811665, -0.04366250722300736]",1.093928785575172,
2,3,9,9,0,42,50,5,sphere-gaussian,"{""radial_std"": 0.15}",5,,"1,2,3,5","[0.30184146699267567, -0.2779504783468393, 0.15066156725334082]",1.3257756604121511,
2,3,9,9,0,42,50,5,sphere-gaussian,"{""radial_std"": 0.15}",5,,"1,2,4,5","[0.08186242653087415, -0.6962046974752342, -0.012190915730707077]",1.0759273591374774,
2,3,9,9,0,42,50,5,sphere-gaussian,"{""radial_std"": 0.15}",5,,"1,3,4,5","[0.25927585849148943, 0.26045159806951873, -0.0621694629516551]",1.0543897265419289,
2,3,9,9,0,42,50,5,sphere-gaussian,"{""radial_std"": 0.15}",5,,"2,3,4,5","[0.0, 0.2810352507501486, 0.040285905606107696]",1.1016130960803876,
2,3,9,9,0,42,50,5,sphere-gaussian,"{""radial_std"": 0.15}",5,,"1,2,3,4,5","[0.035758903554353204, 0.4839685530066554, -0.062169462951654784]",1.1548349802912292,
2,3,10,10,0,42,51,5,sphere-gaussian,"{""radial_std"": 0.15}",5,"[[-0.6870033042836197, -0.7431337814997457], [0.8081668772062264, -0.20899664665194775], [-0.3883432598259253, 0.8641928391129678], [-1.0122501691746535, -0.258521378156726], [-0.7463769794571, 0.7286135331952812]]",__POINTS__,,,"[{""attempts"": [{""attempt"": 1, ""is_shattered"": true, ""num_failed_subsets"": 0, ""point"": [-0.6870033042836197, -0.7431337814997457]}], ""d"": 1, ""success"": true}, {""attempts"": [{""attempt"": 1, ""is_shattered"": true, ""num_failed_subsets"": 0, ""point"": [0.8081668772062264, -0.20899664665194775]}], ""d"": 2, ""success"": true}, {""attempts"": [{""attempt"": 1, ""is_shattered"": true, ""num_failed_subsets"": 0, ""point"": [-0.3883432598259253, 0.8641928391129678]}], ""d"": 3, ""success"": true}, {""attempts"": [{""attempt"": 1, ""is_shattered"": true, ""num_failed_subsets"": 0, ""point"": [-1.0122501691746535, -0.258521378156726]}], ""d"": 4, ""success"": true}, {""attempts"": [{""attempt"": 1, ""is_shattered"": false, ""num_failed_subsets"": 1, ""point"": [0.1479342922301671, 0.9599585911009975]}, {""attempt"": 2, ""is_shattered"": true, ""num_failed_subsets"": 0, ""point"": [-0.7463769794571, 0.7286135331952812]}], ""d"": 5, ""success"": true}, {""attempts"": [{""attempt"": 1, ""is_shattered"": false, ""num_failed_subsets"": 1, ""point"": [0.3413458307179065, -0.7726091879535446]}, {""attempt"": 2, ""is_shattered"": false, ""num_failed_subsets"": 1, ""point"": [0.6542480094601882, -0.6281515305927943]}, {""attempt"": 3, ""is_shattered"": false, ""num_failed_subsets"": 1, ""point"": [-0.6520859951758644, 0.8208562763008039]}, {""attempt"": 4, ""is_shattered"": false, ""num_failed_subsets"": 1, ""point"": [-0.9101888634021348, 0.9165054841393637]}, {""attempt"": 5, ""is_shattered"": false, ""num_failed_subsets"": 1, ""point"": [-0.7769340794242581, -0.7210834135070633]}, {""attempt"": 6, ""is_shattered"": false, ""num_failed_subsets"": 1, ""point"": [0.18889314584725017, -0.8842952818180587]}], ""d"": 6, ""success"": false}]"
2,3,10,10,0,42,51,5,sphere-gaussian,"{""radial_std"": 0.15}",5,,1,"[-0.6708489540491843, -0.7152988955614621, -0.7430421977608082]",0.0010357522942753,
2,3,10,10,0,42,51,5,sphere-gaussian,"{""radial_std"": 0.15}",5,,2,"[0.8082410303345549, 0.8081668771292378, -0.20892240590954891]",1.1010374272836907e-08,
2,3,10,10,0,42,51,5,sphere-gaussian,"{""radial_std"": 0.15}",5,,3,"[-0.3882577584576507, 0.8642784537493963, 0.8642784543493297]",2.1970318644899943e-08,
2,3,10,10,0,42,51,5,sphere-gaussian,"{""radial_std"": 0.15}",5,,4,"[-1.0123040258592235, -1.0121963125230666, -0.2590980572004312]",3.3835980084180324e-07,
2,3,10,10,0,42,51,5,sphere-gaussian,"{""radial_std"": 0.15}",5,,5,"[-0.7463769797138332, 0.7286135330885064, 0.7286135333840468]",1.1294522745862805e-19,
2,3,10,10,0,42,51,5,sphere-gaussian,"{""radial_std"": 0.15}",5,,"1,2","[0.060524812131724136, -0.44782176389407974, -0.47606521407584673]",0.6873317138004386,
2,3,10,10,0,42,51,5,sphere-gaussian,"{""radial_std"": 0.15}",5,,"1,3","[-0.2422124350953295, -0.5971014786669333, 0.016671907746795278]",0.783225940973899,
2,3,10,10,0,42,51,5,sphere-gaussian,"{""radial_std"": 0.15}",5,,"1,4","[-0.8499811604645822, -0.8775714613191289, -0.5009985265704526]",0.10326475304023536,
2,3,10,10,0,42,51,5,sphere-gaussian,"{""radial_std"": 0.15}",5,,"1,5","[-0.2982684841121543, -0.6353857736656897, 0.012899974286542569]",0.7253661697691556,
2,3,10,10,0,42,51,5,sphere-gaussian,"{""radial_std"": 0.15}",5,,"2,3","[0.21052003795809204, 0.8362871494187265, 0.32827061622656684]",0.6466286059335613,
2,3,10,10,0,42,51,5,sphere-gaussian,"{""radial_std"": 0.15}",5,,"2,4","[-0.10270366831110167, -0.22232661095359996, -0.22085697176774727]",0.8300035059511706,
2,3,10,10,0,42,51,5,sphere-gaussian,"{""radial_std"": 0.15}",5,,"2,5","[-0.16449249945058578, 0.6064391037557492, -0.07788211912614613]",1.0039513776357747,
2,3,10,10,0,42,51,5,sphere-gaussian,"{""radial_std"": 0.15}",5,,"3,4","[-0.6698146035216094, -0.273629297854531, 0.29165525581686896]",0.4201846963333731,
2,3,10,10,0,42,51,5,sphere-gaussian,"{""radial_std"": 0.15}",5,,"3,5","[-0.5673585341094071, 0.7966461584895733, 0.7961560267935736]",0.04123803032061385,
2,3,10,10,0,42,51,5,sphere-gaussian,"{""radial_std"": 0.15}",5,,"4,5","[-0.8793135742900097, -0.879313574290099, 0.23504607761598253]",0.27895311122726985,
2,3,10,10,0,42,51,5,sphere-gaussian,"{""radial_std"": 0.15}",5,,"1,2,3","[-0.10001501472112977, -0.4325773059228919, -0.040320543941446046]",0.9032342905222299,
2,3,10,10,0,42,51,5,sphere-gaussian,"{""radial_std"": 0.15}",5,,"1,2,4","[-0.10205564348881159, -0.23380182789716253, -0.2332016803214603]",0.8297062178519791,
2,3,10,10,0,42,51,5,sphere-gaussian,"{""radial_std"": 0.15}",5,,"1,2,5","[-0.022065027705745626, -0.805254521379026, -0.015740026967726913]",1.0821565914532842,
2,3,10,10,0,42,51,5,sphere-gaussian,"{""radial_std"": 0.15}",5,,"1,3,4","[-0.4196569578090276, -0.4196569500442336, 0.016671906472704143]",0.7202528273625723,
2,3,10,10,0,42,51,5,sphere-gaussian,"{""radial_std"": 0.15}",5,,"1,3,5","[-0.27341146715747444, -0.6353857736654758, 0.029582720576690952]",0.7708133727619515,
2,3,10,10,0,42,51,5,sphere-gaussian,"{""radial_std"": 0.15}",5,,"1,4,5","[-0.7166901464637194, -0.7447554310240418, -0.0072601244489231805]",0.5423939794869215,
2,3,10,10,0,42,51,5,sphere-gaussian,"{""radial_std"": 0.15}",5,,"2,3,4","[-0.10705858821053305, -0.26323312542729815, -0.019873457420930364]",0.8763468288821842,
2,3,10,10,0,42,51,5,sphere-gaussian,"{""radial_std"": 0.15}",5,,"2,3,5","[0.03089495453664553, 0.7683901961893892, 0.2598084518940198]",0.8255120465472066,
2,3,10,10,0,42,51,5,sphere-gaussian,"{""radial_std"": 0.15}",5,,"2,4,5","[-0.12200034922801863, 0.2216637224204042, 0.04445501373296245]",1.1149171667737785,
2,3,10,10,0,42,51,5,sphere-gaussian,"{""radial_std"": 0.15}",5,,"3,4,5","[-0.7002967476269918, -0.32343235268241793, 0.30283574499128646]",0.41665019153818145,
2,3,10,10,0,42,51,5,sphere-gaussian,"{""radial_std"": 0.15}",5,,"1,2,3,4","[-0.10207375931192911, -0.4249897506357255, -0.04134786140825116]",0.903297152531211,
2,3,10,10,0,42,51,5,sphere-gaussian,"{""radial_std"": 0.15}",5,,"1,2,3,5","[-0.0977289381399056, -0.5137227330566153, 0.025898367785413712]",0.9686808861927162,
2,3,10,10,0,42,51,5,sphere-gaussian,"{""radial_std"": 0.15}",5,,"1,2,4,5","[-0.06100780696786351, -0.7531667099086026, -0.05045306151956433]",1.0767217663439375,
2,3,10,10,0,42,51,5,sphere-gaussian,"{""radial_std"": 0.15}",5,,"1,3,4,5","[-0.5371329014951881, -0.5373973962407528, 0.060377856988137114]",0.6904740185387797,
2,3,10,10,0,42,51,5,sphere-gaussian,"{""radial_std"": 0.15}",5,,"2,3,4,5","[-0.10627299375876735, -0.3929405817958298, 0.08095732961175992]",0.9541089603109238,
2,3,10,10,0,42,51,5,sphere-gaussian,"{""radial_std"": 0.15}",5,,"1,2,3,4,5","[-0.10183778637118847, -0.5012476977646078, 0.026235878921909327]",0.9688535081277297,
